<?xml version="1.0" encoding="utf-8" ?>
<dwsync>
<file name="index.html" server="times.bcp.org//var/www/html/www.bellarminenews.com/webapps18/josh18/BCPDelivery/" local="131591369270000000" remote="131591369270000000" Dst="1" />
<file name="starhalf.png" server="times.bcp.org//var/www/html/www.bellarminenews.com/webapps18/josh18/BCPDelivery/" local="131553416444914362" remote="131553417530000000" Dst="1" />
<file name="starfull.png" server="times.bcp.org//var/www/html/www.bellarminenews.com/webapps18/josh18/BCPDelivery/" local="131553416556863302" remote="131553417530000000" Dst="1" />
<file name="starempty.png" server="times.bcp.org//var/www/html/www.bellarminenews.com/webapps18/josh18/BCPDelivery/" local="131553416578833886" remote="131553417530000000" Dst="1" />
<file name="profile.php" server="times.bcp.org//var/www/html/www.bellarminenews.com/webapps18/josh18/BCPDelivery/" local="131591581794656602" remote="131591582710000000" Dst="1" />
<file name="ldap.php" server="times.bcp.org//var/www/html/www.bellarminenews.com/webapps18/josh18/BCPDelivery/" local="131563639453610865" remote="131563639600000000" Dst="1" />
<file name="info.php" server="times.bcp.org//var/www/html/www.bellarminenews.com/webapps18/josh18/BCPDelivery/" local="131557722714292582" remote="131557722970000000" Dst="1" />
<file name="jobListings.php" server="times.bcp.org//var/www/html/www.bellarminenews.com/webapps18/josh18/BCPDelivery/" local="131591487870000000" remote="131591508740000000" Dst="1" />
<file name="staremptysmall.png" server="times.bcp.org//var/www/html/www.bellarminenews.com/webapps18/josh18/BCPDelivery/" local="131563656619272626" remote="131563661840000000" Dst="1" />
<file name="starfullsmall.png" server="times.bcp.org//var/www/html/www.bellarminenews.com/webapps18/josh18/BCPDelivery/" local="131563656257551113" remote="131563661840000000" Dst="1" />
<file name="starhalfsmall.png" server="times.bcp.org//var/www/html/www.bellarminenews.com/webapps18/josh18/BCPDelivery/" local="131563656426318213" remote="131563661840000000" Dst="1" />
<file name="jobOrderConnect.php" server="times.bcp.org//var/www/html/www.bellarminenews.com/webapps18/josh18/BCPDelivery/" local="131591508730539374" remote="131591508740000000" Dst="1" />
<file name="jobcreateorder.html" server="times.bcp.org//var/www/html/www.bellarminenews.com/webapps18/josh18/BCPDelivery/" local="131566344663941484" remote="131566344630000000" Dst="1" />
<file name="jquery-3.2.1.js" server="times.bcp.org//var/www/html/www.bellarminenews.com/webapps18/josh18/BCPDelivery/" local="131564600481835721" remote="131566345340000000" Dst="1" />
<file name="jquery-3.2.1.min.js" server="times.bcp.org//var/www/html/www.bellarminenews.com/webapps18/josh18/BCPDelivery/" local="131564600484404395" remote="131566345350000000" Dst="1" />
<file name="pingServer.php" server="times.bcp.org//var/www/html/www.bellarminenews.com/webapps18/josh18/BCPDelivery/" local="131566346371438970" remote="131566346320000000" Dst="1" />
<file name="jobOfferConnect.php" server="times.bcp.org//var/www/html/www.bellarminenews.com/webapps18/josh18/BCPDelivery/" local="131576195460000000" remote="131576195460000000" Dst="1" />
<file name="jobcreateoffer.html" server="times.bcp.org//var/www/html/www.bellarminenews.com/webapps18/josh18/BCPDelivery/" local="131576177890000000" remote="131576177890000000" Dst="1" />
<file name="JobOfferConnect.php" server="times.bcp.org//var/www/html/www.bellarminenews.com/webapps18/josh18/BCPDelivery/" local="131591508880000000" remote="131591508880000000" Dst="1" />
<file name="rate.html" server="times.bcp.org//var/www/html/www.bellarminenews.com/webapps18/josh18/BCPDelivery/" local="131576039997315563" remote="131576039990000000" Dst="1" />
<file name="stars.png" server="times.bcp.org//var/www/html/www.bellarminenews.com/webapps18/josh18/BCPDelivery/" local="131571489309652128" remote="131571501870000000" Dst="1" />
<file name="ratestyle.css" server="times.bcp.org//var/www/html/www.bellarminenews.com/webapps18/josh18/BCPDelivery/" local="131572409302837529" remote="131572409300000000" Dst="1" />
<file name="rateConnect.php" server="times.bcp.org//var/www/html/www.bellarminenews.com/webapps18/josh18/BCPDelivery/" local="131591519710000000" remote="131591519710000000" Dst="1" />
<file name="jquery" server="times.bcp.org//var/www/html/www.bellarminenews.com/webapps18/josh18/BCPDelivery/" local="131566345330000000" remote="131566345330000000" Dst="1" />
<file name="style.css" server="times.bcp.org//var/www/html/www.bellarminenews.com/webapps18/josh18/BCPDelivery/" local="131572400210000000" remote="131572400210000000" Dst="1" />
<file name="jobConnect.php" server="times.bcp.org//var/www/html/www.bellarminenews.com/webapps18/josh18/BCPDelivery/" local="131565518810000000" remote="131565518810000000" Dst="1" />
<file name="jobcreateform.html" server="times.bcp.org//var/www/html/www.bellarminenews.com/webapps18/josh18/BCPDelivery/" local="131565515620000000" remote="131565515620000000" Dst="1" />
<file name="bcp.png" server="times.bcp.org//var/www/html/www.bellarminenews.com/webapps18/josh18/BCPDelivery/" local="131577596346322424" remote="131577596600000000" Dst="1" />
<file name="verification.php" server="times.bcp.org//var/www/html/www.bellarminenews.com/webapps18/josh18/BCPDelivery/" local="131591494000362403" remote="131591493990000000" Dst="1" />
<file name="rate.php" server="times.bcp.org//var/www/html/www.bellarminenews.com/webapps18/josh18/BCPDelivery/" local="131591519760000000" remote="131591519760000000" Dst="1" />
<file name="jobcreateorder.php" server="times.bcp.org//var/www/html/www.bellarminenews.com/webapps18/josh18/BCPDelivery/" local="131591486160000000" remote="131591486160000000" Dst="1" />
<file name="jobcreateoffer.php" server="times.bcp.org//var/www/html/www.bellarminenews.com/webapps18/josh18/BCPDelivery/" local="131591486080000000" remote="131591486080000000" Dst="1" />
<file name="signup.html" server="times.bcp.org//var/www/html/www.bellarminenews.com/webapps18/josh18/BCPDelivery/" local="131591485446809411" remote="131591485460000000" Dst="1" />
<file name="loginVerification.php" server="times.bcp.org//var/www/html/www.bellarminenews.com/webapps18/josh18/BCPDelivery/" local="131591483930000000" remote="131591483930000000" Dst="1" />
</dwsync>